year_month,total_consumption,total_days,avg_daily_consumption,counted_supplies,postcode_count,area_count,new_connections,reservoir_total_mean,reservoir_total_std,production_total_mean,production_total_std,interruptions_total,emergency_interruptions,planned_interruptions,chlorine_mean,chlorine_std,turbidity_mean,turbidity_std,year_month_str,consumption_available,PC1,PC2,iforest_label,iforest_score,mahalanobis,mahalanobis_anomaly,cluster_month_kmeans,cluster_month_hierarchical,cluster_month_dtw,cluster_month_feature
2023-01,16620693.0,62388792.0,3.2694444444444444,2137848.0,285.0,556.0,680.0,32943800000,247670420.39354122,29302775,156844.20772358376,381,354,27,0.39757425742574254,0.07300527839964913,0.23477545691906004,0.13130740768247115,2023-01,1,2.1349511425863934,0.43925785492717045,1,0.056306480830954464,2.4165826872864073,0,0,0,0,0
2023-02,13861360.0,56631291.0,1.6329751062537947,2165970.0,287.0,567.0,676.0,30586043000,251073773.4975784,26937915,159012.6991386809,474,456,18,0.40448541329011345,0.07197217877474242,0.24611048158640225,0.13866640285905482,2023-02,1,1.0634078165644485,-0.5829286593582457,1,0.008703993330496429,3.2809207610533484,0,0,0,0,0
2023-03,16002445.0,63817248.0,1.8112393416617092,2194364.0,288.0,567.0,884.0,34170901000,249606693.67189246,30735761,163577.98638035133,372,348,24,0.417340229035833,0.07781392716790914,0.2442982005141388,0.11865330473087393,2023-03,1,1.1745865031611171,0.30763758139863295,1,0.05575908321150835,4.0155903316964965,1,0,0,0,0
2023-04,15928366.0,61653267.0,2.8374682058305614,2178817.0,288.0,566.0,740.0,33245332000,248527946.28214836,29932016,160783.13706721656,398,379,19,0.3917917675544794,0.0787314762856504,0.27186149584487534,0.16587615087763058,2023-04,1,2.0456611568576535,1.3035706831753657,1,0.0656643885611205,2.5565069732985495,0,0,0,0,0
2023-05,18345152.0,62970379.0,3.5171804437463186,2197429.0,281.0,551.0,893.0,34156783000,249474653.75298858,32989901,172732.55371558046,376,356,20,0.3891568047337278,0.07016675216533344,0.2531333333333333,0.14675554641219551,2023-05,1,2.0465391365991534,1.4704209137407525,1,0.042007823220515716,3.1376025277118984,0,0,0,0,0
2023-06,13496674.0,50556738.0,1.6607214428857715,1999683.0,288.0,560.0,787.0,32336200000,243850189.05868247,34036938,177969.4357353073,369,341,28,0.40065399239543725,0.07300139155986426,0.27765463917525773,0.14476781483113085,2023-06,1,1.418287903819423,0.4753730345132399,1,0.03975616009573746,2.8007885674906468,0,0,0,0,0
2023-07,17739689.0,63315528.0,1.925012402213318,2216505.0,288.0,575.0,775.0,31967243000,231554406.64060715,38220501,169983.24160397646,406,395,11,0.39857619577308123,0.07468512684611979,0.2870371352785146,0.16725518374520978,2023-07,1,1.501859861641299,1.4682587254659305,1,0.03556209813870653,3.322461118439889,0,0,0,0,0
2023-08,17579527.0,63216981.0,1.9283655132861788,2199279.0,288.0,572.0,480.0,30017730000,215221750.26888853,35594492,153939.36030562146,416,402,14,0.36977941176470586,0.07348673182315277,0.2349844559585492,0.14421054149137544,2023-08,1,1.9915334357060257,-0.6106744232820468,-1,-0.001441628285927421,4.6169745444947194,1,0,0,1,0
2023-09,17535444.0,61714185.0,2.715501324252743,2227400.0,288.0,572.0,616.0,27708929000,212956434.18426907,33929691,168741.49708294237,386,359,27,0.41009044435705855,0.07577991861452082,0.2494075949367089,0.13501168756716578,2023-09,1,1.597778520930444,0.5979501947746394,1,0.07263614943447666,3.3324580900651646,0,0,0,0,0
2023-10,15829124.0,51197287.0,3.701413643533123,2057513.0,281.0,548.0,882.0,28424281000,205632070.28918773,33633398,169226.07554184506,437,405,32,0.41297376093294463,0.0722487452653151,0.28913202933985327,0.14402488951579992,2023-10,1,1.3418136927978717,1.9904451478395382,1,0.004666826907770649,3.942030204117284,0,0,0,0,0
2023-11,16154049.0,61075987.0,1.7412122981124734,2220852.0,288.0,573.0,807.0,26628178000,194823052.39974213,30779957,161764.52568381876,480,444,36,0.3895181674565561,0.06827678627015839,0.263976501305483,0.15041961193870268,2023-11,1,0.6281246698106145,0.3310377418582519,1,0.09829044853496016,2.545448122603797,0,0,0,0,0
2023-12,16117533.0,62947979.0,2.7674237419856227,2169241.0,288.0,572.0,678.0,27947039000,188251603.70597282,30561160,154432.7363895992,409,385,24,0.3993257989088075,0.07448153121446648,0.24575357142857146,0.14053849325916942,2023-12,1,1.5303372919763505,0.2510306265292021,1,0.10986376643526524,1.6872110785878627,0,0,0,0,0
2024-01,14167270.0,50179124.0,3.5112837977296176,2005995.0,280.0,546.0,714.0,28050486000,197498886.6428192,30375730,151935.17567989966,443,433,10,0.3959049773755656,0.07357428508650077,,,2024-01,1,1.6661390479356006,-0.11518874393410207,1,0.0591030947729691,2.4774130149528553,0,0,0,0,0
2024-02,14832546.0,59570742.0,1.4820929772502471,2198975.0,288.0,575.0,856.0,26384347000,209451918.80414143,29111667,158348.6573426832,416,389,27,0.40943000838222965,0.07658602488792653,,,2024-02,1,0.45295539643643185,-0.4358226212791107,1,0.06484105296848819,2.362385870451815,0,0,0,0,0
2024-03,16665725.0,63428525.0,3.1411469047156997,2215959.0,293.0,581.0,682.0,28761703000,202525360.13323998,31422375,158455.88755955576,397,379,18,0.399674126423243,0.07263806239686692,,,2024-03,1,1.7584790339690421,0.3255102440244799,1,0.1068826840756889,1.9033046097370863,0,0,0,0,0
2024-04,18438955.0,62075580.0,3.3891761090839254,2228376.0,281.0,559.0,1003.0,27449479000,192751603.83613747,33525804,175375.13049588035,387,369,18,0.40010865347303065,0.07122750701138769,,,2024-04,1,1.1076565809403225,0.8453657461539468,1,0.084366811205278,2.4933003375882032,0,0,0,0,0
2024-05,17826787.0,63624385.0,1.8049913378248317,2203857.0,288.0,573.0,823.0,27329868000,179718647.3764911,34657064,172078.47417570834,339,325,14,,,0.23689111747851002,0.11828630110908658,2024-05,1,1.1015414349546884,0.03794272231261906,1,0.06331088266087626,2.743623114403896,0,0,0,0,0
2024-06,17850696.0,60775575.0,2.755227272727273,2213661.0,282.0,557.0,922.0,25074591000,173934079.14190912,38228283,188108.97465312443,389,364,25,,,0.2545946666666667,0.15600288278336438,2024-06,1,0.855966083120015,0.6936923823465563,1,0.060441642669355644,2.124531979301221,0,0,0,0,0
2024-07,16509244.0,48683955.0,3.7430438215554673,2015869.0,278.0,542.0,1131.0,24005318000,163032474.66468164,39811371,186960.09704413635,478,465,13,,,0.24100000000000002,0.13469803932408525,2024-07,1,0.3133027225849794,0.0011050057258893508,1,0.000961085523951577,3.7158028332998616,0,0,0,0,0
2024-08,8722486.0,28407657.0,1.963996901626646,1225424.0,269.0,496.0,555.0,22083766000,147470868.39229432,37048536,175875.21320460137,449,444,5,,,0.20525396825396827,0.11165830321752755,2024-08,1,0.7141523543893911,-3.8358762629879477,-1,-0.012008345252267238,4.047649846767775,1,0,0,0,0
2024-09,2475654.0,7492594.0,1.6465797317436661,604200.0,261.0,409.0,892.0,19822878000,134135003.59434378,35832794,192042.7237661341,461,450,11,,,0.2202418952618454,0.13053516323350958,2024-09,1,-0.3181627013784968,-4.678954375858772,-1,-0.013035424986361677,4.952833115987143,1,0,0,0,0
2024-10,17301479.0,63967721.0,1.858486404259365,2259441.0,280.0,557.0,1019.0,19089479000,122205304.55267975,35488577,191687.27437996294,474,457,17,,,0.23524607329842934,0.11963159623009952,2024-10,1,-0.4342723308733017,-0.6268963266681085,1,0.11294772151137489,2.012517107931838,0,0,0,0,0
2024-11,16806610.0,62671079.0,2.734284899201217,2246864.0,282.0,563.0,1081.0,17305893000,112733903.32488675,32312336,174694.34549597706,495,474,21,,,0.21506527415143603,0.12500141745946286,2024-11,1,-0.5381631100490174,-1.0116904784190097,1,0.05728664350834256,2.875111888009469,0,0,0,0,0
2024-12,18403811.0,65574848.0,3.3913495872528316,2213433.0,280.0,562.0,830.0,18773012000,114442587.63530545,31419418,167014.07267369897,533,517,16,,,0.23271957671957672,0.12668453556798082,2024-12,1,0.2921167446575689,-0.0011215116663800782,1,0.012718255130786282,3.3885836777900016,0,0,0,0,0
2025-01,16166154.0,65229476.0,1.6291752170481453,2199887.0,279.0,556.0,893.0,20130192000,138167900.16956252,31537003,170660.3677772952,470,455,15,,,0.2631887755102041,0.1416858492358662,2025-01,1,-0.0044542004117703385,0.143970962719337,1,0.12153962652786743,2.224147441540341,0,0,0,0,0
2025-02,14527426.0,58268979.0,1.777344643913987,2200099.0,281.0,561.0,957.0,18686372000,152604823.15139812,28095456,168184.34575638486,496,449,47,,,0.2565068870523416,0.13309296311560023,2025-02,1,-0.4559843399185105,-0.21226944776476123,1,0.056166024018835914,2.7946530099098683,0,0,0,0,0
2025-03,16096186.0,63720342.0,1.7313021343254358,2209931.0,281.0,560.0,1028.0,20400529000,146078469.7685314,32015026,172264.38168595723,466,431,35,,,0.23098022598870055,0.1207252500935371,2025-03,1,-0.4567150551998902,-0.8041776354212308,1,0.1157247629610359,2.101844402967829,0,0,0,0,0
2025-04,,,,,,,909.0,19423621000,136151357.25953442,30796976,169993.05141953082,371,342,29,,,0.25064533333333333,0.12658031870626246,2025-04,0,0.22666281156118398,0.08895025199752236,1,0.10065654052049922,3.5723772900725876,0,0,0,0,0
2025-05,,,,,,,968.0,19338162000,126415291.1800617,35410476,181280.22616776335,488,432,56,,,0.25628645833333336,0.12002485044673314,2025-05,0,-0.5275680457925798,-0.1804294199935903,1,0.11367125392493316,1.7099513888439142,0,0,0,0,0
2025-06,,,,,,,,17642892000,114802964.08885334,36739837,202046.33905474542,505,460,45,,,0.24393805309734512,0.134662845469879,2025-06,0,-0.7245869518807793,-0.792725011338901,1,0.12096384736499255,2.0551954368253607,0,0,0,0,0
2025-07,,,,,,,,16531191000,100456960.12917754,39247523,204404.01625433733,514,481,33,,,0.2465730994152047,0.1282994763741177,2025-07,0,-0.7936535251650674,-0.9190979267178113,1,0.08187438056403368,2.7597787301656447,0,0,0,0,0
2025-08,,,,,,,,14677589000,86248819.42795604,35980606,184761.99719428318,517,0,517,,,,,2025-08,0,-3.3162932213252136,0.5665391131642384,1,0.04198940645560734,2.136546776168707,0,1,1,1,1
2025-09,,,,,,,,12724734000,74772439.61197795,36292560,204382.01979835983,506,0,506,,,,,2025-09,0,-3.3570503140035903,0.5022588930791421,1,0.03702710991329905,1.947309151796624,0,1,1,1,1
2025-10,,,,,,,,12052941000,65023681.69027563,33325321,193820.08767612476,597,0,597,,,,,2025-10,0,-4.187811611895035,0.6355686047710999,1,0.010346398101325538,2.264384896605616,0,1,1,1,1
2025-11,,,,,,,,11082310000,61557752.37713027,30971451,190738.61725116146,522,0,522,,,,,2025-11,0,-3.5577807947698834,0.7346317002565739,1,0.0388997187898929,3.292972803781728,0,1,1,1,1
2025-12,,,,,,,,12310924000,74010031.93483308,30685448,181845.13645956086,652,0,652,,,,,2025-12,0,-4.634583843111591,0.776182620187387,-1,-0.03106727971640555,3.324267564374186,0,1,1,1,1
2026-01,,,,,,,,14408682000,86792081.44136462,30876617,183465.12000853833,559,0,559,,,,,2026-01,0,-3.656773297225291,0.8211520937285045,1,0.04251710120701879,3.065237998210488,0,1,1,1,1
