var1,var2,spearman_rho,p_value,n
total_consumption,total_days,0.6269841269841269,0.00046566998349940766,27
total_consumption,avg_daily_consumption,0.4084249084249084,0.034425715229074165,27
total_consumption,counted_supplies,0.7002442002442002,4.7744586789004304e-05,27
total_consumption,postcode_count,0.14089906351752582,0.48330381117633436,27
total_consumption,area_count,0.2476309832811919,0.21300352433189138,27
total_consumption,new_connections,0.19508472216298126,0.3294930696330873,27
total_consumption,reservoir_total_mean,-0.006715506715506716,0.9734800934233601,27
total_consumption,reservoir_total_std,-0.0879120879120879,0.6628112255941981,27
total_consumption,production_total_mean,0.3089133089133089,0.11691996999921463,27
total_consumption,production_total_std,0.10866910866910866,0.5895112601110185,27
total_consumption,interruptions_total,-0.21038168919674582,0.29220647700384556,27
total_consumption,emergency_interruptions,-0.18106871073101638,0.3660784230625422,27
total_consumption,planned_interruptions,-0.09631568427734728,0.6327192204555051,27
total_consumption,chlorine_mean,-0.36470588235294116,0.16486839724475397,16
total_consumption,chlorine_std,-0.19705882352941176,0.46446421122573883,16
total_consumption,turbidity_mean,-0.044466403162055336,0.8403387863596061,23
total_consumption,turbidity_std,0.14130434782608697,0.5201462786439691,23
total_consumption,consumption_available,,,27
total_days,avg_daily_consumption,-0.04395604395604395,0.8276632359973479,27
total_days,counted_supplies,0.6092796092796092,0.0007429006641823993,27
total_days,postcode_count,0.2358801286565722,0.23622435542944661,27
total_days,area_count,0.41669262989168465,0.03060421910945127,27
total_days,new_connections,0.12578232477487994,0.5318738636659344,27
total_days,reservoir_total_mean,-0.0006105006105006105,0.9975886860480586,27
total_days,reservoir_total_std,-0.10683760683760683,0.595836056368837,27
total_days,production_total_mean,-0.08058608058608058,0.6894700135854598,27
total_days,production_total_std,-0.1343101343101343,0.5041917954419021,27
total_days,interruptions_total,-0.09343511885951267,0.642972987900854,27
total_days,emergency_interruptions,-0.08732824834581901,0.6649216527332014,27
total_days,planned_interruptions,-0.004586461156064156,0.9818861412220539,27
total_days,chlorine_mean,-0.14411764705882352,0.5943782881736934,16
total_days,chlorine_std,0.17058823529411765,0.5276097688612683,16
total_days,turbidity_mean,-0.11264822134387352,0.6088271106292826,23
total_days,turbidity_std,-0.17094861660079053,0.43545673153493636,23
total_days,consumption_available,,,27
avg_daily_consumption,counted_supplies,-0.04029304029304029,0.8418384605614528,27
avg_daily_consumption,postcode_count,-0.16417256954497422,0.4132008682793959,27
avg_daily_consumption,area_count,-0.30266009067701233,0.12490712771494039,27
avg_daily_consumption,new_connections,0.012517173096529317,0.950590126068959,27
avg_daily_consumption,reservoir_total_mean,0.2087912087912088,0.29595401803745475,27
avg_daily_consumption,reservoir_total_std,0.05555555555555555,0.7831411874225992,27
avg_daily_consumption,production_total_mean,0.13919413919413917,0.4886660254540455,27
avg_daily_consumption,production_total_std,-0.07020757020757021,0.7278576283249973,27
avg_daily_consumption,interruptions_total,-0.11847328796565657,0.556160067303954,27
avg_daily_consumption,emergency_interruptions,-0.07022901090747684,0.7277776226190168,27
avg_daily_consumption,planned_interruptions,-0.15227051038132997,0.4483197877825374,27
avg_daily_consumption,chlorine_mean,-0.2352941176470588,0.3803558011886571,16
avg_daily_consumption,chlorine_std,-0.25,0.35039147910720203,16
avg_daily_consumption,turbidity_mean,-0.02075098814229249,0.9251264681656183,23
avg_daily_consumption,turbidity_std,0.13438735177865613,0.5409737774662914,23
avg_daily_consumption,consumption_available,,,27
counted_supplies,postcode_count,0.2629277167425258,0.185164516113078,27
counted_supplies,area_count,0.5062677880415478,0.007049675452447164,27
counted_supplies,new_connections,0.29339032550645544,0.1374712309775865,27
counted_supplies,reservoir_total_mean,-0.2991452991452991,0.12956805244953776,27
counted_supplies,reservoir_total_std,-0.26373626373626374,0.18376701967948664,27
counted_supplies,production_total_mean,0.06593406593406594,0.7438587186454496,27
counted_supplies,production_total_std,0.09401709401709402,0.6408961377481246,27
counted_supplies,interruptions_total,0.10748092104100804,0.5936111672148284,27
counted_supplies,emergency_interruptions,0.056793895777350833,0.7784246590183487,27
counted_supplies,planned_interruptions,0.19385442486297833,0.332612204850654,27
counted_supplies,chlorine_mean,-0.09411764705882353,0.7288144270239807,16
counted_supplies,chlorine_std,-0.06470588235294117,0.8118214513105935,16
counted_supplies,turbidity_mean,0.03656126482213439,0.868457309937357,23
counted_supplies,turbidity_std,0.02865612648221344,0.8967308659954059,23
counted_supplies,consumption_available,,,27
postcode_count,area_count,0.871414181636448,3.3149316768009996e-09,27
postcode_count,new_connections,-0.46459751471303007,0.014625565677955124,27
postcode_count,reservoir_total_mean,0.5708299113489047,0.0018742709109298337,27
postcode_count,reservoir_total_std,0.6044821430372425,0.000839192838727326,27
postcode_count,production_total_mean,-0.2534925115962629,0.20201961825544942,27
postcode_count,production_total_std,-0.5145331873095361,0.006033874480606514,27
postcode_count,interruptions_total,-0.5175217466426697,0.0056984202856814395,27
postcode_count,emergency_interruptions,-0.6027791286123738,0.0008758921949465317,27
postcode_count,planned_interruptions,0.36843482403263006,0.058625479256216334,27
postcode_count,chlorine_mean,0.07481108949413313,0.7830429517966394,16
postcode_count,chlorine_std,0.39682403992540183,0.1280521304425209,16
postcode_count,turbidity_mean,0.4088125003757163,0.05276203729267797,23
postcode_count,turbidity_std,0.38326171910223406,0.07104216397746724,23
postcode_count,consumption_available,,,27
area_count,new_connections,-0.3423027242686908,0.08051040593701422,27
area_count,reservoir_total_mean,0.2274536439027244,0.25387306947213273,27
area_count,reservoir_total_std,0.30938587046983484,0.11633204805660267,27
area_count,production_total_mean,-0.2846227721417156,0.1501730793051634,27
area_count,production_total_std,-0.5004591600386556,0.007846637333212012,27
area_count,interruptions_total,-0.17844050047457075,0.3731935972707346,27
area_count,emergency_interruptions,-0.2671255821157456,0.17798870533299924,27
area_count,planned_interruptions,0.23380799539119,0.2404867161304474,27
area_count,chlorine_mean,0.050222058827554435,0.8534580888548596,16
area_count,chlorine_std,0.24077045849680512,0.36903820148064914,16
area_count,turbidity_mean,0.23817835807705007,0.27377584577468067,23
area_count,turbidity_std,0.2059920934720433,0.34569194439063444,23
area_count,consumption_available,,,27
new_connections,reservoir_total_mean,-0.5646015561978553,0.0014194994066698298,29
new_connections,reservoir_total_std,-0.562630870137828,0.001487612201639571,29
new_connections,production_total_mean,0.20667570054537548,0.28206463638744916,29
new_connections,production_total_std,0.6466313634464967,0.00015059262590004212,29
new_connections,interruptions_total,0.2956757445131654,0.11940505565194963,29
new_connections,emergency_interruptions,0.2518171757437126,0.18757695321089723,29
new_connections,planned_interruptions,0.24543679249477596,0.19938185502641326,29
new_connections,chlorine_mean,0.18529411764705883,0.492057050205944,16
new_connections,chlorine_std,-0.23823529411764705,0.37425412972798855,16
new_connections,turbidity_mean,-0.05308713312281475,0.8010226644135096,25
new_connections,turbidity_std,-0.2769763467277292,0.18012170973745975,25
new_connections,consumption_available,-0.24400506997318833,0.2020995702991384,29
reservoir_total_mean,reservoir_total_std,0.9732100521574205,6.208486513046366e-24,37
reservoir_total_mean,production_total_mean,-0.2024656235182551,0.22945063926166842,37
reservoir_total_mean,production_total_std,-0.6794689426268372,3.7590539279607158e-06,37
reservoir_total_mean,interruptions_total,-0.819442803624655,5.589757362417271e-10,37
reservoir_total_mean,emergency_interruptions,0.018414062887113745,0.913858462716669,37
reservoir_total_mean,planned_interruptions,-0.538876812382274,0.0005794316129457538,37
reservoir_total_mean,chlorine_mean,-0.13529411764705881,0.6173674089706421,16
reservoir_total_mean,chlorine_std,0.15882352941176472,0.5568612810855391,16
reservoir_total_mean,turbidity_mean,0.3156288156288157,0.10876836291260521,27
reservoir_total_mean,turbidity_std,0.4688644688644688,0.013626379130315096,27
reservoir_total_mean,consumption_available,0.7181848464596078,5.600673452844077e-07,37
reservoir_total_std,production_total_mean,-0.2757230915125652,0.09857772276476058,37
reservoir_total_std,production_total_std,-0.7060218112849691,1.0521959859599048e-06,37
reservoir_total_std,interruptions_total,-0.7779490273994483,1.4621790333513541e-08,37
reservoir_total_std,emergency_interruptions,0.04538175498630614,0.7896930837117467,37
reservoir_total_std,planned_interruptions,-0.47387472275306725,0.003049369146124658,37
reservoir_total_std,chlorine_mean,0.06764705882352941,0.8034203137966693,16
reservoir_total_std,chlorine_std,0.19117647058823528,0.47816401281702847,16
reservoir_total_std,turbidity_mean,0.37484737484737485,0.05404088338431772,27
reservoir_total_std,turbidity_std,0.5018315018315018,0.007651832433986736,27
reservoir_total_std,consumption_available,0.7181848464596078,5.600673452844077e-07,37
production_total_mean,production_total_std,0.6548127074442863,1.0971401279160891e-05,37
production_total_mean,interruptions_total,0.056312982019923484,0.7406108259705666,37
production_total_mean,emergency_interruptions,0.13626406536464172,0.42129614607219945,37
production_total_mean,planned_interruptions,-0.1615562884579919,0.33943880663262443,37
production_total_mean,chlorine_mean,-0.06176470588235294,0.8202418775044894,16
production_total_mean,chlorine_std,-0.13529411764705881,0.6173674089706421,16
production_total_mean,turbidity_mean,-0.1288156288156288,0.5219453428390793,27
production_total_mean,turbidity_std,-0.03479853479853479,0.86319049172857,27
production_total_mean,consumption_available,-0.16529651228038592,0.3282243209327624,37
production_total_std,interruptions_total,0.4654416156004623,0.003697294462794635,37
production_total_std,emergency_interruptions,-0.08458588887499992,0.6186602480717329,37
production_total_std,planned_interruptions,0.36000244895007744,0.028624468788314872,37
production_total_std,chlorine_mean,0.29411764705882354,0.26884655462289303,16
production_total_std,chlorine_std,-0.28823529411764703,0.2789844597370832,16
production_total_std,turbidity_mean,-0.1349206349206349,0.5022378185587083,27
production_total_std,turbidity_std,-0.27838827838827834,0.1597018897167282,27
production_total_std,consumption_available,-0.5984873720496732,9.127595113038724e-05,37
interruptions_total,emergency_interruptions,0.18582586357909056,0.27082531107757385,37
interruptions_total,planned_interruptions,0.4733970660911858,0.003083226357326722,37
interruptions_total,chlorine_mean,-0.17954383080010436,0.505821320079216,16
interruptions_total,chlorine_std,-0.1898455260099464,0.4812906773303121,16
interruptions_total,turbidity_mean,-0.19111586240066708,0.33961917932128954,27
interruptions_total,turbidity_std,-0.16516562549322827,0.41034166867715915,27
interruptions_total,consumption_available,-0.5814566625696235,0.00016055027017494015,37
emergency_interruptions,planned_interruptions,-0.4682601882736176,0.0034685662583000135,37
emergency_interruptions,chlorine_mean,-0.19573220898699903,0.4675367874049636,16
emergency_interruptions,chlorine_std,-0.22369395312799886,0.4049436432683513,16
emergency_interruptions,turbidity_mean,-0.30529690479339794,0.12149188230800766,27
emergency_interruptions,turbidity_std,-0.16943978216033584,0.39816220820108217,27
emergency_interruptions,consumption_available,0.3827321894782087,0.019388797493296927,37
planned_interruptions,chlorine_mean,0.3434569179830104,0.1927666554871555,16
planned_interruptions,chlorine_std,-0.13619843299326276,0.6149954311915564,16
planned_interruptions,turbidity_mean,0.3604154612609324,0.06477888257819196,27
planned_interruptions,turbidity_std,0.0024434946526164904,0.9903490574583609,27
planned_interruptions,consumption_available,-0.7243571377407235,4.016210527557278e-07,37
chlorine_mean,chlorine_std,0.2411764705882353,0.3682066080426343,16
chlorine_mean,turbidity_mean,0.14685314685314685,0.6487957097846665,12
chlorine_mean,turbidity_std,-0.5804195804195805,0.04785597684206058,12
chlorine_mean,consumption_available,,,16
chlorine_std,turbidity_mean,-0.1398601398601399,0.6646331617926677,12
chlorine_std,turbidity_std,-0.14685314685314685,0.6487957097846665,12
chlorine_std,consumption_available,,,16
turbidity_mean,turbidity_std,0.669108669108669,0.00013557264872196686,27
turbidity_mean,consumption_available,-0.09369772790226465,0.6420355097044284,27
turbidity_std,consumption_available,0.2543224043061469,0.20049640930640575,27
